,mvbench_action_localization,mvbench_egocentric_navigation,mvbench_moving_count,mvbench_moving_direction,overall_average,temporalbench_subset,vinoground_text,vinoground_video
openai_clip-vit-base-patch16,0.28,0.325,0.265,0.215,0.35750736538582084,0.42452830188679247,0.5,0.4930232558139535
openai_clip-vit-large-patch14-336,0.295,0.28,0.26,0.235,0.3611941327649972,0.4490566037735849,0.5069767441860465,0.5023255813953489
multi_image_siglip_dino,0.395,0.345,0.26,0.21,0.37468125117532747,0.41509433962264153,0.49534883720930234,0.5023255813953489
google_siglip-so400m-patch14-384,0.32,0.345,0.245,0.21,0.3676349275998244,0.43018867924528303,0.5093023255813953,0.513953488372093
multi_image_siglip_clip_mlcd,0.3,0.31,0.275,0.22,0.35464144674982767,0.3867924528301887,0.48372093023255813,0.5069767441860465
multi_image_siglip_clip,0.325,0.325,0.28,0.24,0.381547671284398,0.42641509433962266,0.5232558139534884,0.5511627906976744
multi_image_clip_mlcd,0.355,0.305,0.285,0.22,0.36572650912054155,0.38113207547169814,0.49534883720930234,0.5186046511627908
